date,AverageDailyAirTemperature,AverageDailyWetBulbTemperature,TotalDailyPrecipitation,AverageDailyHumidity,TotalDailyEnergyProduced(Wh)
2021-07-01,81.25,74.625,0.0,74.23611111111111,12465.0
2021-07-02,72.13888888888889,70.61111111111111,0.81,92.13888888888889,4693.0
2021-07-03,72.25714285714285,64.78571428571429,0.0,68.57142857142857,14483.0
2021-07-04,72.43055555555556,65.41666666666667,0.0,73.13888888888889,14093.0
2021-07-05,76.23880597014926,68.86567164179104,0.0,72.28358208955224,13407.0
2021-07-06,77.58333333333333,71.13888888888889,0.0,75.0,14556.0
2021-07-07,78.75,72.55555555555556,0.0,76.625,13774.0
2021-07-08,74.95833333333333,73.44444444444444,2.94,93.0,1229.0
2021-07-09,78.02857142857142,74.18571428571428,2.76,85.41428571428571,9300.0
2021-07-10,78.59722222222223,74.45833333333333,0.0,83.56944444444444,12012.0
2021-07-11,77.87142857142857,75.65714285714286,1.03,90.1,8418.0
2021-07-12,78.875,74.625,0.0,83.20833333333333,10694.0
2021-07-13,78.27777777777777,74.15277777777777,0.0,83.375,10009.0
2021-07-14,79.09722222222223,73.97222222222223,0.0,80.18055555555556,12700.0
2021-07-15,80.58333333333333,75.22222222222223,0.0,79.55555555555556,12670.0
2021-07-16,80.44444444444444,75.51388888888889,0.0,81.31944444444444,12312.0
2021-07-17,78.73611111111111,75.34722222222223,1.19,86.69444444444444,9460.0
2021-07-18,77.35714285714286,73.61428571428571,0.33999999999999997,85.22857142857143,10354.0
2021-07-19,72.11111111111111,71.31944444444444,2.81,95.25,3486.0
2021-07-20,74.75714285714285,70.88571428571429,0.0,83.94285714285714,7576.0
2021-07-21,78.44444444444444,73.69444444444444,0.0,81.47222222222223,13300.0
2021-07-22,78.41666666666667,73.29166666666667,0.0,78.25,12313.0
2021-07-23,76.34722222222223,70.56944444444444,0.0,76.52777777777777,12924.0
2021-07-24,76.01388888888889,70.25,0.0,76.34722222222223,13124.0
2021-07-25,77.32394366197182,72.52112676056338,0.0,80.36619718309859,13124.0
2021-07-26,80.41666666666667,75.72222222222223,0.05,82.06944444444444,11273.0
2021-07-27,79.52777777777777,75.16666666666667,3.4,83.27777777777777,12313.0
2021-07-28,78.46478873239437,75.3943661971831,0.08,87.16901408450704,8764.0
2021-07-29,79.44444444444444,74.54166666666667,0.0,81.04166666666667,13325.0
2021-07-30,82.66666666666667,78.2089552238806,0.0,83.48611111111111,13447.0
2021-07-31,80.77777777777777,75.46428571428571,0.0,80.76388888888889,12374.0
2021-08-01,77.83333333333333,75.41666666666667,0.35000000000000003,90.28333333333333,9304.0
2021-08-02,76.52777777777777,71.30555555555556,0.0,78.29166666666667,13858.0
2021-08-03,70.56944444444444,68.56944444444444,0.25,90.18055555555556,3042.0
2021-08-04,70.91666666666667,68.34722222222223,0.11,87.72222222222223,5391.0
2021-08-05,73.90140845070422,68.22535211267606,0.0,76.33802816901408,14514.0
2021-08-06,72.69565217391305,68.76811594202898,0.03,83.57971014492753,8060.0
2021-08-07,75.44444444444444,73.33333333333333,0.48,90.69444444444444,7392.0
2021-08-08,76.18055555555556,72.13888888888889,0.0,83.98611111111111,13692.0
2021-08-09,78.7605633802817,73.7605633802817,0.0,81.02816901408451,13150.0
2021-08-10,78.66666666666667,75.34722222222223,0.0,86.76388888888889,10538.0
2021-08-11,81.38571428571429,77.0,0.0,82.87142857142857,12621.0
2021-08-12,81.98611111111111,77.20833333333333,0.0,81.83333333333333,12963.0
2021-08-13,82.80555555555556,78.09722222222223,0.0,81.97222222222223,11216.0
2021-08-14,79.30555555555556,75.58333333333333,0.0,84.68055555555556,6348.0
2021-08-15,77.23611111111111,74.34722222222223,1.2,88.72222222222223,8952.0
2021-08-16,77.56944444444444,74.86111111111111,0.2,89.69444444444444,8614.0
2021-08-17,78.04166666666667,75.13888888888889,0.0,88.40277777777777,6869.0
2021-08-18,80.65277777777777,78.375,0.06,90.29166666666667,8892.0
2021-08-19,82.21126760563381,77.09859154929578,1.84,81.21126760563381,13043.0
2021-08-20,76.22222222222223,73.69444444444444,0.27999999999999997,89.23611111111111,8956.0
2021-08-21,77.79166666666667,74.25,0.0,86.22222222222223,11274.0
2021-08-22,78.15277777777777,74.25,0.0,84.76388888888889,8871.0
2021-08-23,78.33333333333333,74.40277777777777,0.02,85.22222222222223,10022.0
2021-08-24,80.80281690140845,75.46478873239437,0.0,80.80281690140845,12874.0
2021-08-25,80.77777777777777,76.47222222222223,0.0,83.875,12013.0
2021-08-26,79.63888888888889,75.09722222222223,0.0,83.02777777777777,11553.0
2021-08-27,78.94285714285714,74.45714285714286,0.0,83.35714285714286,12824.0
2021-08-28,80.51388888888889,75.77777777777777,0.0,82.51388888888889,12538.0
2021-08-29,80.75,75.33333333333333,0.0,80.0,12067.0
2021-08-30,80.33333333333333,74.08823529411765,0.0,78.0,12564.0
2021-08-31,79.47887323943662,73.9074074074074,0.0,77.85915492957747,10922.0
2021-09-01,79.33333333333333,74.5,0.0,79.91666666666667,5897.0
2021-09-02,72.31944444444444,64.33333333333333,0.0,66.95833333333333,13764.0
2021-09-03,66.97222222222223,59.68055555555556,0.0,71.47222222222223,13826.0
2021-09-04,67.26388888888889,62.27777777777778,0.0,79.29166666666667,10721.0
2021-09-05,71.13888888888889,65.19444444444444,0.0,76.375,12783.0
2021-09-06,73.1830985915493,68.54929577464789,0.0,81.02816901408451,6724.0
2021-09-07,75.0327868852459,67.95081967213115,0.0,73.36065573770492,11700.0
2021-09-08,76.54929577464789,72.52112676056338,0.12,84.19718309859155,7216.0
2021-09-09,70.9,69.38571428571429,0.03,92.48571428571428,3431.0
2021-09-10,68.09722222222223,61.19444444444444,0.0,71.09722222222223,12201.0
2021-09-11,66.22535211267606,60.7887323943662,0.0,77.88732394366197,10420.0
2021-09-12,70.29166666666667,64.09722222222223,0.0,75.34722222222223,11750.0
2021-09-13,74.48529411764706,68.76470588235294,0.0,78.1470588235294,10746.0
2021-09-14,75.61971830985915,69.40845070422536,0.0,76.77464788732394,11503.0
2021-09-15,76.88888888888889,72.43055555555556,0.0,82.09722222222223,8448.0
2021-09-16,76.88732394366197,72.36619718309859,0.0,81.19718309859155,7019.0
2021-09-17,76.375,73.10204081632654,0.01,85.84722222222223,8147.0
2021-09-18,76.28169014084507,72.54929577464789,0.02,84.7605633802817,10443.0
2021-09-19,75.80555555555556,70.20833333333333,0.0,79.18055555555556,10990.0
2021-09-20,75.44285714285714,69.5,0.0,75.31428571428572,7139.0
2021-09-21,73.95833333333333,71.18840579710145,0.3,87.83333333333333,3052.0
2021-09-22,75.13888888888889,73.44285714285714,0.58,91.875,4174.0
2021-09-23,67.71428571428571,62.6764705882353,0.18999999999999997,78.0,12843.0
2021-09-24,61.81428571428572,56.289855072463766,0.0,75.75714285714285,11208.0
2021-09-25,61.901408450704224,56.647887323943664,0.0,77.49295774647888,12412.0
2021-09-26,62.859154929577464,56.49295774647887,0.0,73.22535211267606,12567.0
2021-09-27,64.72222222222223,58.916666666666664,0.0,76.36111111111111,11919.0
2021-09-28,68.73611111111111,63.611111111111114,0.0,79.15277777777777,9682.0
2021-09-29,70.11111111111111,65.17647058823529,0.0,80.09722222222223,9272.0
2021-09-30,67.63888888888889,64.4074074074074,0.84,83.16666666666667,10203.0
2021-10-01,65.28571428571429,61.65714285714286,0.0,84.0,9044.0
2021-10-02,66.65277777777777,62.02777777777778,0.0,80.65277777777777,10156.0
2021-10-03,69.27777777777777,64.23611111111111,0.0,78.95833333333333,9765.0
2021-10-04,71.22222222222223,67.13888888888889,0.0,83.22222222222223,7507.0
2021-10-05,74.92957746478874,69.77464788732394,0.0,79.36619718309859,10595.0
2021-10-06,73.70833333333333,69.43055555555556,0.0,81.81944444444444,7773.0
2021-10-07,71.40277777777777,68.51388888888889,0.0,86.91666666666667,2538.0
2021-10-08,71.68055555555556,68.83333333333333,0.1,87.20833333333333,5279.0
2021-10-09,66.78873239436619,66.05633802816901,4.0,95.6056338028169,1443.0
2021-10-10,70.13432835820896,67.25373134328358,0.0,85.85074626865672,5169.0
2021-10-11,68.50704225352112,65.28169014084507,0.0,83.22535211267606,3407.0
2021-10-12,66.58333333333333,64.41666666666667,0.0,88.90277777777777,3160.0
2021-10-13,70.82142857142857,66.75,0.0,83.08928571428571,8950.0
2021-10-14,69.18055555555556,65.02777777777777,0.0,83.51388888888889,9523.0
2021-10-15,69.11267605633803,64.67605633802818,0.0,81.92957746478874,10016.0
2021-10-16,69.28571428571429,63.871428571428574,0.16,76.35714285714286,7320.0
2021-10-17,55.958333333333336,49.416666666666664,0.0,65.40277777777777,11188.0
2021-10-18,53.93055555555556,48.30555555555556,0.0,74.125,11050.0
2021-10-19,53.833333333333336,48.763888888888886,0.0,77.01388888888889,10666.0
2021-10-20,57.34285714285714,52.01428571428571,0.0,77.85714285714286,10669.0
2021-10-21,62.583333333333336,56.34722222222222,0.0,72.63888888888889,10202.0
2021-10-22,67.68055555555556,63.5,0.0,79.90277777777777,8353.0
2021-10-23,60.38709677419355,55.37096774193548,0.0,76.66129032258064,10224.0
2021-10-24,64.14285714285714,58.767857142857146,0.0,76.35714285714286,8873.0
2021-10-25,68.87272727272727,65.85454545454546,0.18,86.2,6237.0
2021-10-26,64.37777777777778,55.91111111111111,0.0,58.888888888888886,10531.0
2021-10-27,57.490566037735846,52.22641509433962,0.0,72.71698113207547,9853.0
2021-10-28,58.267605633802816,55.15492957746479,0.78,84.90140845070422,6381.0
2021-10-29,63.791666666666664,60.638888888888886,0.49,83.75,5252.0
2021-10-30,52.208333333333336,49.955882352941174,0.0,87.86111111111111,5043.0
2021-10-31,57.33802816901409,55.28846153846154,0.0,83.4225352112676,8796.0
2021-11-01,53.583333333333336,49.71830985915493,0.0,81.90277777777777,9430.0
2021-11-02,54.75,50.263888888888886,0.0,76.29166666666667,7311.0
2021-11-03,50.05555555555556,45.15277777777778,0.0,67.31944444444444,8002.0
2021-11-04,44.43055555555556,42.56944444444444,0.07,86.44444444444444,1766.0
2021-11-05,43.19444444444444,39.27777777777778,0.0,73.61111111111111,5069.0
2021-11-06,49.183098591549296,44.42253521126761,0.0,68.47887323943662,3631.0
2021-11-07,51.89041095890411,46.32876712328767,0.0,64.72602739726027,7463.0
2021-11-08,52.11267605633803,45.690140845070424,0.0,65.66197183098592,9499.0
2021-11-09,50.957142857142856,46.371428571428574,0.0,79.21428571428571,9253.0
2021-11-10,52.35294117647059,48.411764705882355,0.0,82.17647058823529,7629.0
2021-11-11,56.875,53.77777777777778,0.0,84.54166666666667,5655.0
2021-11-12,61.486111111111114,57.791666666666664,0.14,82.625,8683.0
2021-11-13,51.666666666666664,45.111111111111114,0.0,66.15277777777777,9113.0
2021-11-14,42.69444444444444,38.34722222222222,0.0,74.27777777777777,9223.0
2021-11-15,42.236111111111114,37.47222222222222,0.0,72.0,9567.0
2021-11-16,44.666666666666664,39.97222222222222,0.0,74.75,8612.0
2021-11-17,47.36842105263158,44.56140350877193,0.0,84.05263157894737,1808.0
2021-11-18,60.59722222222222,57.02777777777778,0.0,81.93055555555556,6269.0
2021-11-19,46.19444444444444,39.27777777777778,0.0,57.736111111111114,9345.0
2021-11-20,40.111111111111114,36.52777777777778,0.0,75.29166666666667,7714.0
2021-11-21,49.15277777777778,46.208333333333336,0.0,83.22222222222223,5225.0
2021-11-22,49.41428571428571,47.785714285714285,0.71,89.3,1565.0
2021-11-23,37.71830985915493,33.294117647058826,0.0,64.97183098591549,9218.0
2021-11-24,35.541666666666664,31.819444444444443,0.0,74.70833333333333,8774.0
2021-11-25,41.125,35.958333333333336,0.0,70.19444444444444,8679.0
2021-11-26,46.88732394366197,40.95774647887324,0.22,62.436619718309856,6704.0
2021-11-27,37.138888888888886,32.59722222222222,0.0,68.63888888888889,8506.0
2021-11-28,42.40277777777778,37.97222222222222,0.0,74.375,5676.0
2021-11-29,38.88732394366197,33.94117647058823,0.0,64.56338028169014,5856.0
2021-11-30,39.125,33.96363636363636,0.0,68.65277777777777,8540.0
2021-12-01,45.041666666666664,40.05555555555556,0.0,72.66666666666667,7085.0
2021-12-02,53.291666666666664,47.263888888888886,0.0,67.18055555555556,7477.0
2021-12-03,50.3968253968254,45.476190476190474,0.0,75.5079365079365,5001.0
2021-12-04,51.66197183098591,47.54929577464789,0.0,78.80281690140845,6320.0
2021-12-05,48.94444444444444,45.55555555555556,0.0,80.91666666666667,3339.0
2021-12-06,56.94444444444444,52.625,0.0,78.75,6039.0
2021-12-07,50.32835820895522,40.059701492537314,0.0,37.55223880597015,5319.0
2021-12-08,40.65277777777778,39.166666666666664,1.51,89.48611111111111,866.0
2021-12-09,34.5,33.121212121212125,0.0,89.8030303030303,3195.0
2021-12-10,45.84057971014493,44.927536231884055,0.05,92.8840579710145,1930.0
2021-12-11,63.333333333333336,61.30555555555556,0.76,90.06944444444444,2049.0
2021-12-12,46.958333333333336,41.77777777777778,0.03,67.34722222222223,8366.0
2021-12-13,39.111111111111114,35.625,0.0,79.125,8188.0
2021-12-14,40.59722222222222,35.93055555555556,0.0,74.93055555555556,8074.0
2021-12-15,42.81944444444444,40.68055555555556,0.0,87.59722222222223,7841.0
2021-12-16,51.638888888888886,48.375,0.0,82.95833333333333,6440.0
2021-12-17,62.09722222222222,60.111111111111114,0.0,88.81944444444444,3757.0
2021-12-18,63.88059701492537,61.97014925373134,0.0,90.08955223880596,2597.0
2021-12-19,52.44285714285714,51.15714285714286,1.72,90.84285714285714,634.0
2021-12-20,37.62,34.2,0.0,73.88,6997.0
2021-12-21,39.77777777777778,37.56944444444444,0.58,82.76388888888889,654.0
2021-12-22,43.27777777777778,40.125,0.04,80.11111111111111,7988.0
2021-12-23,37.263888888888886,32.93055555555556,0.0,67.90277777777777,7933.0
2021-12-24,44.361111111111114,38.958333333333336,0.0,68.44444444444444,6201.0
2021-12-25,60.5,54.416666666666664,0.0,67.94444444444444,6141.0
2021-12-26,56.361111111111114,51.638888888888886,0.0,78.01388888888889,7610.0
2021-12-27,54.621212121212125,51.84848484848485,0.0,84.36363636363636,2836.0
2021-12-28,61.68055555555556,59.166666666666664,0.0,86.77777777777777,4880.0
2021-12-29,68.70422535211267,64.28169014084507,0.0,78.35211267605634,3833.0
2021-12-30,65.04166666666667,63.95652173913044,1.8900000000000001,93.5,745.0
2021-12-31,63.93103448275862,62.51162790697674,0.09,91.24137931034483,2771.0
2022-01-01,70.11111111111111,66.68055555555556,0.6,84.30555555555556,4461.0
2022-01-02,67.5,64.38888888888889,1.23,84.31944444444444,1738.0
2022-01-03,45.09722222222222,44.09722222222222,0.93,91.54166666666667,3274.0
2022-01-04,35.09722222222222,31.916666666666668,0.0,74.75,8613.0
2022-01-05,42.285714285714285,41.4,0.14,92.38571428571429,4675.0
2022-01-06,43.96825396825397,40.63492063492063,0.0,80.2063492063492,7344.0
2022-01-07,39.263888888888886,33.541666666666664,0.0,54.47222222222222,7930.0
2022-01-08,32.36764705882353,27.720588235294116,0.0,57.38235294117647,8435.0
2022-01-09,50.75,46.875,0.33,75.80555555555556,4603.0
2022-01-10,42.88405797101449,37.05797101449275,0.02,59.507246376811594,6992.0
2022-01-11,31.36111111111111,27.333333333333332,0.0,65.29166666666667,8888.0
2022-01-12,34.263888888888886,29.694444444444443,0.0,68.97222222222223,8525.0
2022-01-13,39.416666666666664,35.31944444444444,0.0,71.88888888888889,3518.0
2022-01-14,42.833333333333336,38.111111111111114,0.0,69.59722222222223,6414.0
2022-01-15,36.02777777777778,31.98611111111111,0.0,66.98611111111111,2911.0
2022-01-16,34.903225806451616,33.96774193548387,2.33,90.96774193548387,219.0
2022-01-17,38.666666666666664,34.25,0.0,66.55555555555556,6334.0
2022-01-18,36.63380281690141,32.028169014084504,0.0,65.46478873239437,8026.0
2022-01-19,41.816901408450704,36.45070422535211,0.0,67.14084507042253,9074.0
2022-01-20,44.940298507462686,42.507462686567166,0.72,81.67164179104478,1375.0
2022-01-21,29.76388888888889,27.84722222222222,0.0,79.54166666666667,1286.0
2022-01-22,27.48611111111111,25.555555555555557,0.07,80.52777777777777,2918.0
2022-01-23,28.98611111111111,26.72222222222222,0.0,81.88888888888889,8274.0
2022-01-24,36.041666666666664,33.0,0.0,78.38888888888889,8942.0
2022-01-25,39.74647887323944,36.816901408450704,0.0,81.54929577464789,7017.0
2022-01-26,35.52238805970149,31.388059701492537,0.0,65.76119402985074,8830.0
2022-01-27,30.75,26.84722222222222,0.0,67.15277777777777,9328.0
2022-01-28,36.708333333333336,32.708333333333336,0.0,69.16666666666667,3863.0
2022-01-29,33.27777777777778,28.444444444444443,0.0,57.875,8444.0
2022-01-30,31.125,25.10144927536232,0.0,50.56944444444444,9348.0
2022-01-31,35.69565217391305,31.106060606060606,0.0,68.1159420289855,9042.0
2022-02-01,37.90277777777778,34.27777777777778,0.0,75.93055555555556,9533.0
2022-02-02,42.690140845070424,39.40845070422535,0.0,78.47887323943662,7125.0
2022-02-03,58.166666666666664,55.041666666666664,0.0,83.13888888888889,3250.0
2022-02-04,65.66197183098592,62.690140845070424,0.07,83.63380281690141,1724.0
2022-02-05,39.916666666666664,33.84722222222222,0.02,54.111111111111114,10731.0
2022-02-06,34.95774647887324,30.225352112676056,0.0,60.95774647887324,8316.0
2022-02-07,36.940298507462686,36.04477611940298,0.63,93.08955223880596,907.0
2022-02-08,39.25,37.416666666666664,0.0,85.08333333333333,4891.0
2022-02-09,38.875,34.958333333333336,0.0,76.05555555555556,10535.0
2022-02-10,44.27777777777778,38.375,0.0,68.66666666666667,10300.0
2022-02-11,50.06944444444444,41.875,0.0,58.93055555555556,9743.0
2022-02-12,50.75,43.986111111111114,0.0,63.56944444444444,7795.0
2022-02-13,42.958333333333336,39.47222222222222,0.0,74.20833333333333,3848.0
2022-02-14,36.375,32.31944444444444,0.0,70.38888888888889,11356.0
2022-02-15,36.93055555555556,32.291666666666664,0.0,66.83333333333333,10824.0
2022-02-16,46.791666666666664,42.09722222222222,0.0,72.77777777777777,6928.0
2022-02-17,61.05555555555556,55.138888888888886,0.0,70.61111111111111,7774.0
2022-02-18,61.625,55.18055555555556,0.43,64.73611111111111,7406.0
2022-02-19,45.09722222222222,35.90277777777778,0.0,42.333333333333336,11938.0
2022-02-20,37.95652173913044,31.27536231884058,0.0,50.27536231884058,11871.0
2022-02-21,51.166666666666664,45.861111111111114,0.0,72.125,8440.0
2022-02-22,64.625,59.791666666666664,0.0,75.84722222222223,3467.0
2022-02-23,60.916666666666664,58.43055555555556,0.0,87.65277777777777,4278.0
2022-02-24,50.638888888888886,48.0,0.0,82.81944444444444,3087.0
2022-02-25,56.236111111111114,52.09722222222222,0.0,79.25,7832.0
2022-02-26,45.458333333333336,40.138888888888886,0.0,61.875,5020.0
2022-02-27,42.63934426229508,40.981818181818184,0.3,89.8688524590164,1921.0
2022-03-01,53.541666666666664,47.270833333333336,0.0,66.20833333333333,11872.0
2022-03-02,51.710144927536234,44.11594202898551,0.0,66.43478260869566,8684.0
2022-03-03,59.638888888888886,48.708333333333336,0.0,55.388888888888886,11024.0
2022-03-04,50.486111111111114,41.458333333333336,0.0,44.583333333333336,10832.0
2022-03-05,54.666666666666664,50.041666666666664,0.0,72.22222222222223,5839.0
2022-03-06,69.41666666666667,62.52777777777778,0.0,70.27777777777777,9942.0
2022-03-07,71.625,64.22222222222223,0.07,68.86111111111111,7537.0
2022-03-08,59.225352112676056,52.49295774647887,0.15,64.85915492957747,8219.0
2022-03-09,49.19718309859155,48.83098591549296,0.32,96.8169014084507,1805.0
2022-03-10,45.486111111111114,43.638888888888886,0.09,86.05555555555556,2206.0
2022-03-11,50.732394366197184,48.478873239436616,0.07,85.85915492957747,8058.0
2022-03-12,45.833333333333336,42.486111111111114,1.4000000000000001,72.06944444444444,4634.0
2022-03-13,36.98412698412698,30.07936507936508,0.0,45.95238095238095,12989.0
2022-03-14,45.61971830985915,39.436619718309856,0.0,66.3943661971831,12984.0
2022-03-15,51.375,44.80555555555556,0.0,67.38888888888889,8808.0
2022-03-16,47.851851851851855,46.55555555555556,0.0,90.0,89.0
2022-03-18,61.736111111111114,55.84722222222222,0.0,72.55555555555556,8323.0
2022-03-19,68.44444444444444,62.041666666666664,0.0,70.05555555555556,8752.0
2022-03-20,57.958333333333336,47.72222222222222,0.0,47.638888888888886,12970.0
2022-03-21,57.148148148148145,46.666666666666664,0.0,49.907407407407405,13237.0
2022-03-22,58.138888888888886,49.986111111111114,0.0,61.69444444444444,12097.0
2022-03-23,68.3103448275862,63.13793103448276,0.0,75.91379310344827,3078.0
2022-03-24,68.29166666666667,64.83333333333333,0.0,83.41666666666667,2119.0
2022-03-25,61.638888888888886,50.361111111111114,0.0,45.84722222222222,11275.0
2022-03-26,53.083333333333336,43.333333333333336,0.0,44.93055555555556,10027.0
2022-03-27,47.43055555555556,37.59722222222222,0.0,43.375,14392.0
2022-03-28,46.208333333333336,36.208333333333336,0.0,41.763888888888886,14240.0
2022-03-29,41.90277777777778,34.013888888888886,0.0,44.208333333333336,11354.0
2022-03-30,54.875,48.470588235294116,0.0,69.86111111111111,7127.0
2022-03-31,68.93055555555556,64.61111111111111,0.33,80.47222222222223,2022.0
2022-04-01,63.125,52.236111111111114,0.0,47.5,13970.0
2022-04-02,51.361111111111114,43.833333333333336,0.0,58.59722222222222,12356.0
2022-04-03,56.80555555555556,46.986111111111114,0.0,55.34722222222222,14269.0
2022-04-04,52.77777777777778,44.611111111111114,0.0,55.375,13326.0
2022-04-05,61.25,56.15277777777778,1.05,76.73611111111111,6284.0
2022-04-06,70.74647887323944,64.12676056338029,0.03,71.77464788732394,11169.0
2022-04-07,65.93055555555556,62.708333333333336,0.74,85.5,7814.0
2022-04-08,56.638888888888886,50.5,0.06,68.20833333333333,10630.0
2022-04-09,51.625,43.111111111111114,0.0,49.06944444444444,7286.0
2022-04-10,49.25,41.56944444444444,0.0,56.25,14888.0
2022-04-11,61.65277777777778,50.916666666666664,0.0,55.916666666666664,11704.0
2022-04-12,70.26388888888889,59.80555555555556,0.0,54.56944444444444,12020.0
2022-04-13,71.83333333333333,63.34722222222222,0.0,64.61111111111111,13089.0
2022-04-14,73.125,65.23611111111111,0.0,65.31944444444444,8358.0
2022-04-15,64.44444444444444,51.236111111111114,0.0,40.166666666666664,14753.0
2022-04-16,61.041666666666664,56.763888888888886,0.0,78.45833333333333,9480.0
2022-04-17,65.18055555555556,58.291666666666664,0.0,66.22222222222223,14149.0
2022-04-18,48.263888888888886,46.5,1.6700000000000002,85.375,1613.0
2022-04-19,47.69444444444444,41.30555555555556,0.0,63.47222222222222,15094.0
2022-04-20,34.5,42.49295774647887,0.0,66.52112676056338,14711.0
2022-04-21,,51.791666666666664,0.0,75.30555555555556,12281.0
2022-04-22,,59.29577464788732,0.0,72.98591549295774,12191.0
2022-04-23,,61.22222222222222,0.0,72.56944444444444,14034.0
2022-04-24,,62.375,0.0,68.80555555555556,14566.0
2022-04-25,,62.80555555555556,0.0,67.97222222222223,14663.0
2022-04-26,,63.861111111111114,0.61,79.63888888888889,8477.0
2022-04-27,,50.30555555555556,0.0,61.59722222222222,15368.0
2022-04-28,,47.111111111111114,0.0,63.861111111111114,15398.0
2022-04-29,,49.5735294117647,0.0,68.58333333333333,13121.0
2022-04-30,,58.568627450980394,0.03,80.56944444444444,8001.0
2022-05-01,,60.763888888888886,0.31,75.36111111111111,11114.0
2022-05-02,,66.47887323943662,0.0,80.09859154929578,13471.0
2022-05-03,,67.44444444444444,0.0,76.01388888888889,10489.0
2022-05-04,,69.45833333333333,0.0,75.375,10107.0
2022-05-05,,65.04166666666667,0.0,82.40277777777777,6236.0
2022-05-06,,66.14285714285714,0.34,77.37142857142857,9082.0
2022-05-07,,60.09722222222222,1.14,83.38888888888889,6310.0
2022-05-08,,48.40277777777778,0.0,80.22222222222223,4560.0
2022-05-09,,47.7887323943662,0.0,60.27777777777778,15696.0
2022-05-10,,56.30769230769231,0.0,56.07692307692308,14347.0
2022-05-11,,54.90277777777778,0.0,51.56944444444444,10527.0
2022-05-12,,61.93055555555556,0.22,84.72222222222223,6051.0
2022-05-13,,64.67164179104478,0.03,89.70149253731343,7997.0
2022-05-14,,65.97222222222223,0.31,88.59722222222223,12176.0
2022-05-15,,66.98611111111111,0.0,80.125,13142.0
2022-05-16,,68.05555555555556,0.72,82.05555555555556,11870.0
2022-05-17,,60.486111111111114,0.02,69.86111111111111,15335.0
2022-05-18,,62.05555555555556,0.0,65.19444444444444,13846.0
2022-05-19,,70.25,0.0,68.05555555555556,13056.0
2022-05-20,,70.33333333333333,0.13,66.94444444444444,14630.0
2022-05-21,,72.77777777777777,0.94,84.40277777777777,8869.0
2022-05-22,,71.44444444444444,1.01,85.51388888888889,12531.0
2022-05-23,,70.98611111111111,1.31,88.91666666666667,9168.0
2022-05-24,,68.66666666666667,0.0,86.70833333333333,9512.0
2022-05-25,,62.208333333333336,0.0,86.55555555555556,6876.0
2022-05-26,,67.02777777777777,0.0,81.375,12895.0
2022-05-27,,71.73611111111111,0.0,84.20833333333333,7167.0
2022-05-28,,65.94444444444444,0.03,73.29166666666667,15046.0
2022-05-29,,66.88888888888889,0.0,71.94444444444444,14686.0
2022-05-30,,69.6231884057971,0.0,72.26388888888889,14621.0
2022-05-31,,69.81481481481481,0.0,73.18055555555556,14502.0
2022-06-01,,72.04166666666667,0.0,72.77777777777777,14285.0
2022-06-02,,71.88888888888889,0.0,71.26388888888889,13600.0
2022-06-03,,70.02816901408451,0.0,73.0,12547.0
2022-06-04,,63.15277777777778,0.0,56.541666666666664,14834.0
2022-06-05,,60.583333333333336,0.0,59.52777777777778,14368.0
2022-06-06,,61.833333333333336,0.0,64.11111111111111,13977.0
2022-06-07,,66.66666666666667,0.0,68.88888888888889,13115.0
2022-06-08,,72.68055555555556,0.87,82.0,7765.0
2022-06-09,,72.04166666666667,0.0,71.36111111111111,12633.0
2022-06-10,,63.611111111111114,0.0,60.05797101449275,13242.0
2022-06-11,,67.68055555555556,0.0,80.16666666666667,7928.0
2022-06-12,,71.95833333333333,0.0,81.18055555555556,11849.0
2022-06-13,,75.97222222222223,0.0,75.01388888888889,13737.0
2022-06-14,,75.56944444444444,0.0,71.20833333333333,8953.0
2022-06-15,,73.30555555555556,0.0,67.63888888888889,12702.0
2022-06-16,,71.29166666666667,0.01,82.27777777777777,6439.0
2022-06-17,,73.19444444444444,0.19,73.30555555555556,12565.0
2022-06-18,,66.30555555555556,0.0,59.625,14446.0
2022-06-19,,56.708333333333336,0.0,56.65277777777778,15377.0
2022-06-20,,58.18055555555556,0.0,65.41666666666667,11847.0
2022-06-21,,63.06944444444444,0.0,63.138888888888886,12910.0
2022-06-22,,68.58333333333333,0.24,64.97222222222223,13197.0
2022-06-23,,72.0909090909091,0.1,78.46969696969697,12275.0
2022-06-24,,68.66666666666667,0.0,68.19444444444444,15131.0
2022-06-25,,67.75,0.0,64.04166666666667,14874.0
2022-06-26,,69.40277777777777,0.0,66.33333333333333,12793.0
2022-06-27,,71.63888888888889,0.11,79.88888888888889,8310.0
2022-06-28,,66.8840579710145,0.0,66.12857142857143,11400.0
2022-06-29,,71.8,0.25,80.79245283018868,9962.0
2022-06-30,,72.0,0.0,77.88888888888889,11924.0
2022-07-01,,72.88888888888889,0.02,87.59722222222223,7520.0
2022-07-02,,73.47222222222223,0.04,80.77777777777777,11983.0
2022-07-03,,75.30555555555556,0.0,74.19444444444444,8741.0
2022-07-04,,74.15277777777777,0.0,73.65277777777777,9565.0
2022-07-05,,75.43055555555556,0.0,75.70833333333333,11551.0
2022-07-06,,75.63888888888889,0.0,67.59722222222223,13493.0
2022-07-07,,75.33333333333333,1.02,78.14285714285714,7265.0
2022-07-08,,75.81944444444444,1.25,86.80555555555556,8717.0
2022-07-09,,76.06944444444444,1.74,84.16666666666667,10210.0
2022-07-10,,69.75,0.0,94.16666666666667,2275.0
2022-07-11,,68.41666666666667,0.0,82.45,5039.0
2022-07-12,,73.34722222222223,0.0,80.0,13002.0
2022-07-13,,74.625,0.0,83.79166666666667,5964.0
2022-07-14,,74.125,0.0,80.15277777777777,11491.0
2022-07-15,,72.97222222222223,2.89,86.34722222222223,9448.0
2022-07-16,,73.69444444444444,0.07,86.72222222222223,9374.0
2022-07-17,,74.22222222222223,0.0,79.40277777777777,10113.0
2022-07-18,,74.93055555555556,0.0,78.98611111111111,12507.0
2022-07-19,,75.625,0.0,75.02777777777777,14106.0
2022-07-20,,75.26388888888889,0.0,76.20833333333333,12881.0
2022-07-21,,75.79166666666667,0.0,79.625,9422.0
2022-07-22,,75.77777777777777,0.0,76.97222222222223,13039.0
2022-07-23,,74.95833333333333,0.0,79.27777777777777,8449.0
2022-07-24,,74.86111111111111,0.0,80.73611111111111,10653.0
2022-07-25,,75.80281690140845,0.11,79.14084507042253,8626.0
2022-07-26,,76.08333333333333,0.15000000000000002,85.43055555555556,6798.0
2022-07-27,,76.26388888888889,0.1,79.47222222222223,10875.0
2022-07-28,,77.03571428571429,0.03,83.35714285714286,5045.0
2022-07-29,,77.02777777777777,0.01,76.27777777777777,9350.0
2022-07-30,,75.53623188405797,0.0,73.20833333333333,13465.0
2022-07-31,,76.32352941176471,1.3800000000000001,87.08333333333333,9993.0
2022-08-01,,74.91549295774648,0.0,75.50704225352112,9732.0
2022-08-02,,74.84722222222223,0.0,74.98611111111111,12198.0
2022-08-03,,74.625,0.0,72.63888888888889,13566.0
2022-08-04,,75.41666666666667,0.0,72.86111111111111,13160.0
2022-08-05,,75.41666666666667,0.0,76.125,12914.0
2022-08-06,,74.84848484848484,0.0,81.04545454545455,10040.0
2022-08-07,,74.63888888888889,0.0,76.29166666666667,10659.0
2022-08-08,,75.125,0.19,75.90277777777777,12808.0
2022-08-09,,75.09722222222223,0.0,77.69444444444444,8047.0
2022-08-10,,75.30555555555556,0.0,73.20833333333333,10221.0
2022-08-11,,73.94444444444444,4.15,78.41666666666667,10094.0
2022-08-12,73.92105263157895,70.94444444444444,1.1700000000000002,91.09722222222223,7401.0
2022-08-13,71.98611111111111,64.625,0.0,71.94444444444444,14782.0
2022-08-14,71.5,66.18055555555556,0.0,78.09722222222223,9863.0
2022-08-15,70.125,68.02777777777777,0.56,90.01388888888889,5819.0
2022-08-16,72.19444444444444,68.34722222222223,0.0,81.72222222222223,6241.0
2022-08-17,73.18055555555556,67.68055555555556,0.0,76.875,11909.0
2022-08-18,72.23611111111111,66.75,0.0,78.09722222222223,12464.0
2022-08-19,71.15277777777777,68.59722222222223,0.04,87.75,5272.0
2022-08-20,74.58333333333333,72.20833333333333,0.07,89.375,8710.0
2022-08-21,72.84482758620689,71.34482758620689,0.35,93.17241379310344,6025.0
2022-08-22,76.31944444444444,73.40277777777777,0.22,86.80555555555556,9237.0
2022-08-23,74.86111111111111,71.18055555555556,0.0,84.29166666666667,9823.0
2022-08-24,75.29166666666667,71.26388888888889,0.0,84.36111111111111,8072.0
2022-08-25,74.43055555555556,70.94444444444444,0.0,85.72222222222223,5700.0
2022-08-26,75.34722222222223,71.29166666666667,0.0,83.65277777777777,11818.0
2022-08-27,77.83333333333333,72.75,0.0,80.02777777777777,9474.0
2022-08-28,78.63888888888889,72.91666666666667,0.0,78.15277777777777,12106.0
2022-08-29,78.51388888888889,73.86111111111111,0.0,82.05555555555556,10126.0
2022-08-30,78.66666666666667,73.82352941176471,0.07,80.81944444444444,10821.0
2022-08-31,76.81944444444444,69.83823529411765,0.0,74.27777777777777,13426.0
2022-09-01,73.34722222222223,67.45833333333333,0.0,77.05555555555556,11557.0
2022-09-02,75.51388888888889,68.79166666666667,0.0,75.52777777777777,11335.0
2022-09-03,76.84722222222223,71.66666666666667,0.0,79.33333333333333,8528.0
2022-09-04,75.89285714285714,71.30357142857143,0.0,82.10714285714286,6890.0
2022-09-05,75.81944444444444,72.34722222222223,0.1,85.79166666666667,6462.0
2022-09-06,78.94366197183099,74.92857142857143,0.0,84.6056338028169,9178.0
2022-09-07,74.19444444444444,72.24285714285715,0.81,92.29166666666667,5792.0
2022-09-08,72.68571428571428,69.1,0.02,84.65714285714286,7607.0
2022-09-09,71.56944444444444,66.47222222222223,0.0,78.43055555555556,10542.0
2022-09-10,73.68055555555556,71.26388888888889,3.2,89.40277777777777,3898.0
2022-09-11,77.69444444444444,75.20833333333333,0.03,90.13888888888889,9384.0
2022-09-12,77.20833333333333,73.70833333333333,0.61,86.58333333333333,9466.0
2022-09-13,72.86111111111111,67.88888888888889,0.02,79.65277777777777,12810.0
2022-09-14,68.22222222222223,62.47222222222222,0.0,76.33333333333333,12445.0
2022-09-15,69.0,63.90277777777778,0.0,78.66666666666667,11477.0
2022-09-16,69.38888888888889,64.93055555555556,0.0,81.69444444444444,10568.0
2022-09-17,67.91666666666667,61.916666666666664,0.0,76.0,12582.0
2022-09-18,71.375,66.68055555555556,0.0,81.59722222222223,11343.0
2022-09-19,72.40277777777777,67.59722222222223,0.0,81.25,11924.0
2022-09-20,74.48611111111111,69.3943661971831,0.0,81.08333333333333,10189.0
2022-09-21,74.54166666666667,69.23611111111111,0.0,80.33333333333333,11624.0
2022-09-22,75.31944444444444,67.86111111111111,0.0,70.05555555555556,7709.0
2022-09-23,60.486111111111114,52.013888888888886,0.0,60.166666666666664,13139.0
2022-09-24,58.97222222222222,54.125,0.0,77.15277777777777,7893.0
2022-09-25,67.5,62.888888888888886,0.07,79.29166666666667,4763.0
2022-09-26,68.125,62.93055555555556,0.0,79.11111111111111,10898.0
2022-09-27,63.52777777777778,56.416666666666664,0.0,69.36111111111111,12371.0
2022-09-28,59.25,51.513888888888886,0.0,61.458333333333336,9999.0
2022-09-29,61.47222222222222,55.2463768115942,0.0,67.40277777777777,4719.0
2022-09-30,62.11267605633803,60.785714285714285,2.86,91.0,1641.0
2022-10-03,55.745098039215684,52.23529411764706,0.0,79.13725490196079,4252.0
2022-10-04,57.246153846153845,51.34090909090909,0.0,68.8923076923077,9838.0
2022-10-05,57.34722222222222,46.8,0.0,79.22222222222223,11756.0
2022-10-06,62.65277777777778,,0.0,80.79166666666667,11295.0
2022-10-07,64.33333333333333,59.95238095238095,0.0,79.66666666666667,10811.0
2022-10-08,58.166666666666664,53.56944444444444,0.0,76.625,10531.0
2022-10-09,53.94444444444444,49.861111111111114,0.0,79.33333333333333,11154.0
2022-10-10,57.986111111111114,55.041666666666664,0.0,85.34722222222223,7856.0
2022-10-11,57.388888888888886,52.708333333333336,0.0,78.79166666666667,10457.0
2022-10-12,61.375,57.333333333333336,0.0,80.75,7891.0
2022-10-13,66.69444444444444,64.65277777777777,0.16,90.41666666666667,6396.0
2022-10-14,60.18055555555556,54.888888888888886,0.0,75.04166666666667,10951.0
2022-10-15,57.94444444444444,52.416666666666664,0.0,76.59722222222223,10611.0
2022-10-16,62.666666666666664,57.888888888888886,0.0,79.18055555555556,8154.0
2022-10-17,67.97222222222223,61.72222222222222,0.0,72.20833333333333,8541.0
2022-10-18,51.333333333333336,44.166666666666664,0.0,57.111111111111114,11458.0
2022-10-19,43.736111111111114,39.22222222222222,0.0,73.23611111111111,11208.0
2022-10-20,45.67605633802817,41.0,0.0,75.67605633802818,10818.0
2022-10-21,48.625,43.263888888888886,0.0,74.19444444444444,10385.0
2022-10-22,56.791666666666664,51.55555555555556,0.0,75.31944444444444,10122.0
2022-10-23,60.875,55.513888888888886,0.0,72.48611111111111,8963.0
2022-10-24,61.791666666666664,57.513888888888886,0.0,80.125,10106.0
2022-10-25,56.375,55.361111111111114,0.0,94.95833333333333,7511.0
2022-10-26,61.40277777777778,60.083333333333336,0.0,93.375,3300.0
2022-10-27,59.56944444444444,54.15277777777778,0.0,71.91666666666667,9690.0
2022-10-28,56.75,53.388888888888886,0.04,80.72222222222223,3560.0
2022-10-29,58.44444444444444,55.22222222222222,0.05,82.23611111111111,3802.0
2022-10-30,57.97222222222222,53.61764705882353,0.0,77.51388888888889,7152.0
2022-10-31,64.11111111111111,59.351851851851855,1.28,86.13888888888889,5022.0
2022-11-01,65.40277777777777,62.291666666666664,0.95,85.90277777777777,9212.0
2022-11-02,61.65277777777778,57.94444444444444,0.0,81.83333333333333,6937.0
2022-11-03,61.72222222222222,58.27777777777778,0.0,82.86111111111111,8239.0
2022-11-04,64.23611111111111,61.30555555555556,0.0,86.56944444444444,8584.0
2022-11-05,68.80555555555556,63.44444444444444,0.0,77.34722222222223,7182.0
2022-11-06,68.75342465753425,64.43835616438356,0.0,82.13698630136986,6843.0
2022-11-07,68.43661971830986,64.59154929577464,0.0,83.80281690140845,7638.0
2022-11-08,59.84722222222222,49.625,0.0,47.833333333333336,9693.0
2022-11-09,57.19444444444444,50.666666666666664,0.0,62.43055555555556,6892.0
2022-11-10,63.214285714285715,59.871428571428574,0.28,83.11428571428571,2911.0
2022-11-11,73.6,71.04285714285714,0.75,88.82857142857142,5222.0
2022-11-14,40.943661971830984,37.070422535211264,0.0,74.26760563380282,7655.0
2022-11-15,48.40277777777778,46.10144927536232,0.23,85.73611111111111,1686.0
2022-11-16,48.791666666666664,45.388888888888886,0.0,78.11111111111111,6078.0
2022-11-17,40.17910447761194,35.656716417910445,0.0,69.67164179104478,6205.0
2022-11-18,33.81666666666667,31.5,0.0,83.9,3992.0
2022-11-19,41.47142857142857,37.58571428571429,0.0,75.38571428571429,7671.0
2022-11-20,40.720588235294116,34.86764705882353,0.0,58.205882352941174,4626.0
2022-11-21,40.932203389830505,35.69491525423729,0.0,66.30508474576271,8800.0
2022-11-22,43.37313432835821,38.76119402985075,0.0,72.76119402985074,4963.0
2022-11-23,47.916666666666664,41.34722222222222,0.0,66.54166666666667,8431.0
2022-11-24,49.486111111111114,44.55555555555556,0.0,73.83333333333333,6412.0
2022-11-25,56.34722222222222,54.27777777777778,0.89,87.93055555555556,3634.0
2022-11-26,46.18571428571428,42.25714285714286,0.0,78.35714285714286,7103.0
2022-11-27,60.31428571428572,56.68571428571428,0.34,81.9,1029.0
2022-11-28,55.25,49.458333333333336,0.0,68.70833333333333,8321.0
2022-11-29,48.56944444444444,45.01449275362319,0.0,79.08333333333333,8134.0
2022-11-30,53.986111111111114,52.55555555555556,0.87,84.36111111111111,1851.0
2022-12-01,38.5,33.84285714285714,0.0,71.54285714285714,7988.0
2022-12-02,40.59722222222222,37.611111111111114,0.0,80.52777777777777,5875.0
2022-12-03,55.09722222222222,53.81944444444444,0.18,92.25,1391.0
2022-12-04,44.80882352941177,42.30882352941177,0.0,82.73529411764706,1684.0
2022-12-05,42.208333333333336,39.833333333333336,0.0,82.95833333333333,4513.0
2022-12-06,54.5,52.31944444444444,0.0,86.08333333333333,2175.0
2022-12-07,60.69444444444444,59.97222222222222,0.45,95.69444444444444,1185.0
2022-12-08,60.90277777777778,58.43055555555556,0.0,86.18055555555556,2385.0
2022-12-09,48.72222222222222,45.97222222222222,0.04,82.375,3293.0
2022-12-10,47.05555555555556,42.40277777777778,0.0,68.61111111111111,3754.0
2022-12-11,47.67142857142857,44.51428571428571,0.0,78.35714285714286,2592.0
2022-12-12,42.59722222222222,39.57142857142857,0.0,78.51388888888889,4758.0
2022-12-13,35.507462686567166,33.16417910447761,0.0,83.85074626865672,5128.0
2022-12-14,37.34285714285714,35.128571428571426,0.03,84.18571428571428,1304.0
2022-12-15,44.791666666666664,44.27777777777778,2.0300000000000002,96.27777777777777,629.0
2022-12-16,43.46376811594203,40.82608695652174,0.0,83.18840579710145,8182.0
2022-12-17,39.74647887323944,37.25352112676056,0.0,82.0,3255.0
2022-12-18,40.13559322033898,34.96610169491525,0.0,64.67796610169492,7966.0
2022-12-19,34.943661971830984,31.098591549295776,0.0,70.2394366197183,7438.0
2022-12-20,34.388888888888886,32.0,0.0,79.59722222222223,2276.0
2022-12-21,40.32394366197183,36.140845070422536,0.0,67.91549295774648,2547.0
2022-12-22,47.09722222222222,46.333333333333336,2.23,94.59722222222223,537.0
2022-12-23,37.388888888888886,32.291666666666664,0.05,54.68055555555556,8850.0
2022-12-24,22.450704225352112,17.6056338028169,0.0,41.901408450704224,7939.0
2022-12-25,26.704225352112676,22.04225352112676,0.0,56.929577464788736,8698.0
2022-12-26,26.15277777777778,21.86111111111111,0.0,63.611111111111114,6560.0
2022-12-27,30.535211267605632,26.338028169014084,0.0,67.64788732394366,6193.0
2022-12-28,34.02777777777778,30.09722222222222,0.0,72.91666666666667,7961.0
2022-12-29,38.42028985507246,34.31884057971015,0.0,76.17391304347827,7935.0
2022-12-30,48.611111111111114,45.44927536231884,0.0,84.95833333333333,6825.0
2022-12-31,59.68055555555556,57.166666666666664,0.35000000000000003,94.97222222222223,2130.0
2023-01-01,55.583333333333336,53.68055555555556,0.0,89.51388888888889,7467.0
2023-01-02,47.875,47.458333333333336,0.0,97.52777777777777,4648.0
2023-01-03,57.84722222222222,56.0,0.01,90.68055555555556,3709.0
2023-01-04,64.52777777777777,63.111111111111114,0.53,91.95833333333333,1558.0
2023-01-05,56.36842105263158,54.280701754385966,0.0,87.33333333333333,2946.0
2023-01-06,47.4,41.36923076923077,0.0,63.49230769230769,7521.0
2023-01-07,38.6231884057971,36.028985507246375,0.0,82.17391304347827,2607.0
2023-01-08,38.184615384615384,35.87692307692308,0.0,83.27692307692308,1412.0
2023-01-09,42.80555555555556,39.34722222222222,0.0,78.30555555555556,8342.0
2023-01-10,39.291666666666664,36.138888888888886,0.0,79.27777777777777,7466.0
2023-01-11,46.11267605633803,41.859154929577464,0.0,75.08450704225352,7494.0
2023-01-12,58.0,54.388888888888886,0.04,79.15277777777777,3078.0
2023-01-13,53.014084507042256,47.32394366197183,0.3,65.69014084507042,7249.0
2023-01-14,40.06944444444444,35.15277777777778,0.0,61.486111111111114,3111.0
2023-01-15,35.5,30.142857142857142,0.0,57.98571428571429,8916.0
2023-01-16,38.94444444444444,33.15277777777778,0.0,63.388888888888886,7100.0
2023-01-17,47.22222222222222,44.47222222222222,0.05,80.25,987.0
2023-01-18,55.583333333333336,52.30555555555556,0.0,82.52777777777777,5454.0
2023-01-19,59.861111111111114,55.333333333333336,0.0,78.38888888888889,4379.0
2023-01-20,55.361111111111114,48.94444444444444,0.0,48.81944444444444,8893.0
2023-01-21,39.507246376811594,34.0,0.0,72.4927536231884,7638.0
2023-01-22,43.594202898550726,42.171875,1.73,93.21739130434783,720.0
2023-01-23,45.90277777777778,41.90277777777778,0.09000000000000001,73.68055555555556,4375.0
2023-01-24,38.40277777777778,34.40277777777778,0.0,74.63888888888889,9213.0
2023-01-25,49.80555555555556,48.59722222222222,0.96,91.72222222222223,702.0
2023-01-26,49.285714285714285,46.93939393939394,0.0,66.12857142857143,8178.0
2023-01-27,37.81944444444444,30.533333333333335,0.0,74.61111111111111,9546.0
2023-01-28,40.30555555555556,35.59722222222222,0.0,73.0,8888.0
2023-01-29,46.18055555555556,40.31147540983606,0.11000000000000001,75.93055555555556,5108.0
2023-01-30,51.15277777777778,50.76119402985075,0.68,98.0,3090.0
2023-01-31,52.52777777777778,51.57377049180328,0.03,97.83333333333333,1361.0
2023-02-01,44.61971830985915,43.53521126760563,0.38,91.88732394366197,1458.0
2023-02-02,38.36619718309859,37.929577464788736,0.78,95.88732394366197,1080.0
2023-02-03,42.638888888888886,37.18055555555556,0.09,61.52777777777778,9402.0
2023-02-04,31.338028169014084,26.098591549295776,0.0,50.901408450704224,10081.0
2023-02-05,38.64705882352941,37.411764705882355,0.13,88.69117647058823,2508.0
2023-02-06,48.638888888888886,43.666666666666664,0.0,72.19444444444444,10014.0
2023-02-07,44.833333333333336,40.125,0.0,73.26388888888889,8650.0
2023-02-08,51.5,46.19444444444444,0.0,73.20833333333333,8661.0
2023-02-09,57.43939393939394,53.34848484848485,0.0,79.34848484848484,4751.0
2023-02-10,65.61971830985915,58.352112676056336,0.06,64.87323943661971,6865.0
2023-02-11,52.05714285714286,43.97142857142857,0.01,50.885714285714286,3590.0
2023-02-12,42.75,41.93055555555556,1.83,93.18055555555556,1753.0
2023-02-13,49.06944444444444,42.625,0.0,65.69444444444444,10324.0
2023-02-14,47.67142857142857,41.51428571428571,0.0,68.37142857142857,10237.0
2023-02-15,56.84285714285714,51.18571428571428,0.0,72.81428571428572,9045.0
2023-02-16,66.76363636363637,61.27272727272727,0.0,73.7090909090909,6629.0
2023-02-17,64.475,62.375,0.1,87.775,1017.0
2023-02-20,57.35897435897436,51.23076923076923,0.0,66.76923076923077,2207.0
2023-02-21,63.0,55.138888888888886,0.0,62.388888888888886,8884.0
2023-02-22,63.31944444444444,57.52777777777778,0.0,74.40277777777777,9742.0
2023-02-23,72.28169014084507,65.87323943661971,0.0,71.29577464788733,9014.0
2023-02-24,64.73239436619718,54.33802816901409,0.0,54.25352112676056,10443.0
2023-02-25,47.77777777777778,44.861111111111114,0.19,78.95833333333333,993.0
2023-02-26,49.041666666666664,47.791666666666664,0.0,91.0,2395.0
2023-02-27,58.55555555555556,54.231884057971016,0.0,78.34722222222223,8669.0
2023-02-28,63.59722222222222,56.627450980392155,0.0,63.916666666666664,11701.0
2023-03-01,58.65277777777778,53.986111111111114,0.0,74.59722222222223,6934.0
2023-03-02,61.611111111111114,60.15277777777778,0.25,91.69444444444444,2600.0
2023-03-03,64.98611111111111,61.666666666666664,0.12,83.77777777777777,5536.0
2023-03-04,62.666666666666664,53.40277777777778,0.02,54.75,12360.0
2023-03-05,50.352112676056336,43.87323943661972,0.0,65.45070422535211,10481.0
2023-03-06,53.875,47.44444444444444,0.0,69.5,10106.0
2023-03-07,64.25714285714285,52.6,0.0,49.72857142857143,12352.0
2023-03-08,47.77777777777778,38.72222222222222,0.0,44.291666666666664,11157.0
2023-03-09,45.5,39.625,0.0,68.01388888888889,12154.0
2023-03-10,48.27777777777778,47.263888888888886,0.14,92.91666666666667,1215.0
2023-03-11,47.375,40.02777777777778,0.0,54.47222222222222,10449.0
2023-03-12,38.478873239436616,37.75714285714286,0.65,93.69014084507042,1113.0
2023-03-13,46.72222222222222,43.0,0.03,76.58333333333333,9162.0
2023-03-14,41.791666666666664,34.263888888888886,0.0,46.291666666666664,12248.0
2023-03-15,40.708333333333336,33.27777777777778,0.0,49.458333333333336,13633.0
2023-03-16,46.22857142857143,38.32857142857143,0.0,56.97142857142857,11899.0
2023-03-17,60.33802816901409,53.83098591549296,0.35000000000000003,65.46478873239437,4661.0
2023-03-18,52.9264705882353,47.94117647058823,0.05,70.02941176470588,9534.0
2023-03-19,44.710144927536234,36.044117647058826,0.0,42.69565217391305,14661.0
2023-03-20,40.486111111111114,34.125,0.0,57.40277777777778,13567.0
2023-03-21,43.214285714285715,35.86363636363637,0.0,61.857142857142854,9986.0
2023-03-22,50.31944444444444,46.861111111111114,0.0,78.06944444444444,4054.0
2023-03-23,64.25,59.31944444444444,0.0,77.33333333333333,11570.0
2023-03-24,70.11428571428571,62.0,0.0,66.14285714285714,11870.0
2023-03-25,66.34722222222223,62.05555555555556,0.0,79.02777777777777,7239.0
2023-03-26,61.267605633802816,58.91549295774648,0.16,88.04225352112677,4823.0
2023-03-27,66.31944444444444,63.388888888888886,0.64,85.65277777777777,7122.0
2023-03-28,59.478873239436616,54.75,0.35,78.01408450704226,7374.0
2023-03-29,50.57746478873239,46.54929577464789,0.1,75.98591549295774,10856.0
2023-03-30,51.666666666666664,43.666666666666664,0.0,64.66666666666667,13469.0
2023-03-31,60.55714285714286,53.05769230769231,0.0,76.57142857142857,5092.0
2023-04-01,70.71830985915493,64.04166666666667,0.06,64.45070422535211,9150.0
2023-04-02,56.69444444444444,,0.0,49.208333333333336,13836.0
2023-04-03,58.125,52.289855072463766,0.0,70.76388888888889,8892.0
2023-04-04,67.59722222222223,63.375,0.0,81.0,12974.0
2023-04-05,69.65277777777777,63.93055555555556,0.0,77.02777777777777,12064.0
2023-04-06,74.56944444444444,69.23611111111111,0.0,77.76388888888889,10882.0
2023-04-07,54.49295774647887,53.521126760563384,0.28,93.66197183098592,806.0
2023-04-08,44.27777777777778,43.47222222222222,1.6700000000000002,93.375,2249.0
2023-04-09,50.18055555555556,43.888888888888886,0.28,63.638888888888886,14500.0
2023-04-10,49.38028169014085,43.38028169014085,0.0,67.15492957746478,14388.0
2023-04-11,52.81944444444444,45.625,0.0,67.11111111111111,14166.0
2023-04-12,59.68055555555556,50.74647887323944,0.0,63.875,14013.0
2023-04-13,63.22222222222222,55.098591549295776,0.0,65.91666666666667,13410.0
2023-04-14,64.84507042253522,62.11267605633803,0.24000000000000002,87.83098591549296,9064.0
2023-04-15,66.72222222222223,62.30555555555556,0.0,80.56944444444444,10669.0
2023-04-16,68.27777777777777,62.958333333333336,0.0,76.54166666666667,7170.0
2023-04-17,63.31944444444444,53.19444444444444,0.0,51.94444444444444,14629.0
2023-04-18,60.81944444444444,50.06944444444444,0.0,51.65277777777778,14436.0
2023-04-19,64.68055555555556,56.27142857142857,0.0,65.79166666666667,13578.0
2023-04-20,67.72222222222223,58.90277777777778,0.0,66.0,13453.0
2023-04-21,68.84722222222223,58.720588235294116,0.0,59.166666666666664,11169.0
2023-04-22,61.09722222222222,59.83076923076923,1.3499999999999999,90.70833333333333,3100.0
2023-04-23,59.111111111111114,53.06944444444444,0.0,72.34722222222223,14263.0
2023-04-24,55.72222222222222,48.763888888888886,0.0,62.75,14555.0
2023-04-25,55.69444444444444,49.986111111111114,0.0,71.79166666666667,11133.0
2023-04-26,59.75,55.388888888888886,0.27,79.30555555555556,8249.0
2023-04-27,60.30555555555556,59.31944444444444,0.02,94.08333333333333,3379.0
2023-04-28,68.26388888888889,64.86111111111111,0.63,84.375,8548.0
2023-04-29,66.51388888888889,63.457142857142856,0.0,86.02777777777777,12385.0
2023-04-30,64.3943661971831,63.25806451612903,1.59,93.94366197183099,4323.0
2023-05-01,57.30555555555556,49.541666666666664,0.0,59.81944444444444,11699.0
2023-05-02,58.6,49.48571428571429,0.0,55.714285714285715,12320.0
2023-05-03,54.25714285714286,46.885714285714286,0.0,61.98571428571429,11946.0
2023-05-04,54.736111111111114,47.763888888888886,0.0,66.31944444444444,14369.0
2023-05-05,59.74285714285714,52.666666666666664,0.0,67.25714285714285,12979.0
2023-05-06,63.40845070422535,56.83098591549296,0.0,71.1830985915493,12802.0
2023-05-07,68.47222222222223,61.59722222222222,0.0,70.94444444444444,11839.0
2023-05-08,72.81428571428572,66.44285714285714,0.0,72.0,11160.0
2023-05-09,73.98611111111111,66.6056338028169,0.16,70.80555555555556,10983.0
2023-05-10,64.68055555555556,57.861111111111114,0.0,70.04166666666667,14626.0
2023-05-11,67.17391304347827,59.6231884057971,0.0,68.4927536231884,14185.0
2023-05-12,69.75,62.05714285714286,0.0,67.77777777777777,13545.0
2023-05-13,71.88888888888889,65.08333333333333,0.0,70.79166666666667,9655.0
2023-05-14,70.58333333333333,64.72857142857143,0.0,74.26388888888889,9495.0
2023-05-15,67.75,59.42857142857143,0.0,64.72222222222223,10547.0
2023-05-16,72.18571428571428,66.1159420289855,0.31,74.14285714285714,10764.0
2023-05-17,71.38888888888889,65.91666666666667,0.07,73.90277777777777,13322.0
2023-05-18,65.88888888888889,57.108695652173914,0.0,57.34722222222222,10530.0
2023-05-19,62.763888888888886,58.095238095238095,1.02,92.26388888888889,3230.0
2023-05-20,68.65277777777777,66.36170212765957,0.0,80.27777777777777,9773.0
2023-05-21,65.66197183098592,63.142857142857146,0.0,87.28169014084507,7358.0
2023-05-22,67.59154929577464,59.92424242424242,0.0,66.43661971830986,13058.0
2023-05-23,66.48611111111111,57.605633802816904,0.0,60.44444444444444,12467.0
2023-05-24,64.45833333333333,55.87323943661972,0.0,61.083333333333336,16901.0
2023-05-25,65.36111111111111,58.28169014084507,0.0,65.38888888888889,9811.0
2023-05-26,61.97222222222222,52.416666666666664,0.0,50.638888888888886,6904.0
2023-05-27,58.861111111111114,55.63380281690141,0.31,81.19444444444444,2759.0
2023-05-28,65.375,64.54166666666667,0.28,95.58333333333333,4939.0
2023-05-29,64.77777777777777,63.93055555555556,0.0,95.0,4546.0
2023-05-30,67.59722222222223,64.4927536231884,0.0,85.13888888888889,9373.0
2023-05-31,69.375,65.03076923076924,0.0,80.88888888888889,11408.0
2023-06-01,69.22222222222223,64.57377049180327,0.0,82.18055555555556,10928.0
2023-06-02,72.11267605633803,66.94366197183099,0.0,78.45070422535211,13781.0
2023-06-03,74.27536231884058,65.76811594202898,0.0,68.07246376811594,13075.0
2023-06-04,64.29166666666667,59.736111111111114,0.0,77.93055555555556,9422.0
2023-06-05,65.72857142857143,59.25714285714286,0.0,72.52857142857142,14448.0
2023-06-06,68.75,63.30555555555556,0.0,76.84722222222223,11980.0
2023-06-07,64.26388888888889,61.0,0.25,84.93055555555556,3860.0
2023-06-08,67.02777777777777,61.65277777777778,0.03,77.54166666666667,12961.0
2023-06-09,65.375,56.78260869565217,0.0,69.04166666666667,13377.0
2023-06-10,68.72222222222223,63.58695652173913,0.0,67.08333333333333,11756.0
2023-06-11,71.31944444444444,64.86111111111111,0.09,74.52777777777777,11325.0
2023-06-12,73.890625,70.64516129032258,0.06,85.5625,8752.0
2023-06-13,72.75833333333334,65.0,0.0,68.225,23150.0
2023-06-14,73.95774647887323,64.97478991596638,0.0,65.06338028169014,26588.0
2023-06-15,75.93571428571428,69.0,0.23,72.87857142857143,19274.0
2023-06-16,73.71,69.31521739130434,0.0,81.62,12297.0
2023-06-17,72.04166666666667,63.416666666666664,0.0,64.73611111111111,12760.0
2023-06-18,73.75,64.80555555555556,0.0,67.09722222222223,12416.0
2023-06-19,76.2394366197183,69.77464788732394,0.0,73.63380281690141,7445.0
2023-06-20,72.13888888888889,70.55555555555556,1.23,91.93055555555556,3208.0
2023-06-21,70.91666666666667,68.91666666666667,0.17,90.27777777777777,6386.0
2023-06-22,72.61971830985915,71.63380281690141,2.73,94.8169014084507,5809.0
2023-06-23,75.65277777777777,72.84722222222223,0.0,87.48611111111111,10100.0
2023-06-24,75.16666666666667,71.86111111111111,0.0,85.375,8688.0
2023-06-25,78.34722222222223,72.0,0.0,75.41666666666667,12914.0
2023-06-26,79.90140845070422,73.05633802816901,0.47,72.97183098591549,12621.0
2023-06-27,76.11111111111111,70.18055555555556,0.06,76.16666666666667,12187.0
2023-06-28,76.90277777777777,70.09722222222223,0.02,73.83333333333333,13542.0
2023-06-29,75.90277777777777,69.6086956521739,0.0,76.625,13705.0
